0.29952821135520935,0.6633353233337402,0.35388651490211487,0.6276845335960388,0.38777104020118713,0.5375377535820007,0.3777370750904083,0.43890097737312317,0.3712560832500458,0.361937940120697,0.37961459159851074,0.4502890706062317,0.40088140964508057,0.38291507959365845,0.3882260322570801,0.41868355870246887,0.3687264323234558,0.47950413823127747,0.33911430835723877,0.4404638707637787,0.3447216749191284,0.38111838698387146,0.33878159523010254,0.4728456139564514,0.3353133797645569,0.550143301486969,0.2994197607040405,0.4440422058105469,0.30190879106521606,0.4005560874938965,0.30610936880111694,0.49320223927497864,0.3091660439968109,0.5597053170204163,0.25711727142333984,0.46022409200668335,0.26648765802383423,0.4165768027305603,0.27706223726272583,0.4861736595630646,0.28328508138656616,0.5344574451446533,t
0.301022469997406,0.6614887714385986,0.3546748459339142,0.6257405877113342,0.3885454535484314,0.5347265005111694,0.3787897825241089,0.4365290701389313,0.3724997043609619,0.35940757393836975,0.38006719946861267,0.44579312205314636,0.4011520743370056,0.3799758851528168,0.3886885643005371,0.416448712348938,0.36935731768608093,0.477809876203537,0.3396030366420746,0.43598848581314087,0.34548303484916687,0.37879812717437744,0.3394260108470917,0.4710586667060852,0.3357098698616028,0.5483177900314331,0.2999453544616699,0.4396147131919861,0.30267593264579773,0.3978549540042877,0.30665209889411926,0.49089673161506653,0.3095434010028839,0.5572471022605896,0.25764188170433044,0.4561455547809601,0.26703086495399475,0.41573792695999146,0.27779242396354675,0.48540112376213074,0.28423383831977844,0.5323902368545532,t
0.30034348368644714,0.6608490943908691,0.35379520058631897,0.6258406639099121,0.3877660632133484,0.5348806381225586,0.37830811738967896,0.43631264567375183,0.3721257746219635,0.35816624760627747,0.379462867975235,0.4452419877052307,0.40103983879089355,0.3803393542766571,0.38872137665748596,0.4155731797218323,0.3690829575061798,0.4765473008155823,0.33896899223327637,0.4349784851074219,0.3450900614261627,0.3786230981349945,0.33932173252105713,0.4706873297691345,0.33564573526382446,0.5478537082672119,0.2993110716342926,0.4382035732269287,0.30224448442459106,0.3976218104362488,0.30631110072135925,0.4907594919204712,0.30914372205734253,0.5570586919784546,0.25707367062568665,0.4542939066886902,0.26645687222480774,0.4144218862056732,0.2771250605583191,0.4842400550842285,0.28344112634658813,0.531331479549408,t
0.2982461452484131,0.6604936122894287,0.35230645537376404,0.6258164048194885,0.38658851385116577,0.5345690846443176,0.3770986497402191,0.43568411469459534,0.3709333837032318,0.3583759367465973,0.3779943287372589,0.446750670671463,0.3995511531829834,0.38038039207458496,0.3873618543148041,0.4142442047595978,0.3679591119289398,0.47393056750297546,0.3376636803150177,0.43654581904411316,0.343679279088974,0.37803924083709717,0.3375852406024933,0.4701400399208069,0.3337869346141815,0.5474172234535217,0.2979830205440521,0.4399198889732361,0.3007184863090515,0.39727601408958435,0.30465373396873474,0.4910810589790344,0.30738401412963867,0.5577372312545776,0.2554723620414734,0.45608118176460266,0.265358030796051,0.4141266644001007,0.27595391869544983,0.4840210974216461,0.2820223867893219,0.531326413154602,t
0.2991061210632324,0.6568627953529358,0.35227471590042114,0.6228349804878235,0.3867429196834564,0.5323715806007385,0.3779138922691345,0.43364420533180237,0.3716515302658081,0.35639122128486633,0.37920448184013367,0.4442850351333618,0.40120092034339905,0.37722253799438477,0.3887633681297302,0.4121384024620056,0.3691379427909851,0.47205159068107605,0.3388254940509796,0.4340170621871948,0.3444758951663971,0.37479573488235474,0.3384702503681183,0.46752622723579407,0.335042268037796,0.5444565415382385,0.2991531491279602,0.43718963861465454,0.3019518256187439,0.3944610357284546,0.30604714155197144,0.4882366955280304,0.3088308274745941,0.5547490119934082,0.2568560540676117,0.45256632566452026,0.2666228115558624,0.40886226296424866,0.27683842182159424,0.4789736568927765,0.2824142575263977,0.5270819664001465,t
0.2998928725719452,0.6577051877975464,0.35367342829704285,0.6218350529670715,0.3874436020851135,0.5311225652694702,0.37794750928878784,0.43298640847206116,0.3724218010902405,0.3552294969558716,0.37936070561408997,0.4442773461341858,0.4009718596935272,0.37687376141548157,0.38901811838150024,0.41193291544914246,0.36962687969207764,0.4730624258518219,0.3388853669166565,0.43394187092781067,0.3451141119003296,0.3752848505973816,0.339023619890213,0.4667760133743286,0.335041344165802,0.5439904928207397,0.2990308403968811,0.43721339106559753,0.30252134799957275,0.39315518736839294,0.3061137795448303,0.4861218333244324,0.30834946036338806,0.5533261895179749,0.2563043534755707,0.4532129764556885,0.26649022102355957,0.4090067148208618,0.2769988179206848,0.477525532245636,0.28267791867256165,0.5256295800209045,t
0.29878541827201843,0.6584609150886536,0.35144203901290894,0.6234148740768433,0.38634419441223145,0.5330528616905212,0.3773937225341797,0.43532103300094604,0.3699406087398529,0.35875123739242554,0.37790605425834656,0.4439281225204468,0.3995746672153473,0.37785500288009644,0.3874357342720032,0.41463136672973633,0.3682166635990143,0.4754074215888977,0.3374355137348175,0.4338170886039734,0.34380000829696655,0.37578797340393066,0.3379213809967041,0.4695410132408142,0.3343045711517334,0.5462239980697632,0.2975875735282898,0.4374919831752777,0.3009546995162964,0.39254486560821533,0.30496588349342346,0.4866939187049866,0.3074352443218231,0.5533778071403503,0.255118727684021,0.45389410853385925,0.2649206817150116,0.40914931893348694,0.2754247486591339,0.47798389196395874,0.28102022409439087,0.5253289341926575,t
0.2974075376987457,0.6582792401313782,0.35047054290771484,0.622641384601593,0.38533392548561096,0.5312154293060303,0.37669840455055237,0.43320775032043457,0.37003010511398315,0.3563758432865143,0.3779384195804596,0.4432240426540375,0.40000393986701965,0.37885722517967224,0.38731110095977783,0.41284558176994324,0.3673136830329895,0.472749263048172,0.3372592329978943,0.4322289228439331,0.3434840440750122,0.3753699064254761,0.33669689297676086,0.4683114290237427,0.33254751563072205,0.5468930006027222,0.2972441017627716,0.4351297914981842,0.30030179023742676,0.39474722743034363,0.3038211464881897,0.4888856112957001,0.306479811668396,0.5566472411155701,0.25465577840805054,0.4507724642753601,0.26440176367759705,0.4079194664955139,0.2744383215904236,0.47674238681793213,0.28016990423202515,0.5247225165367126,t
0.2966339588165283,0.6593054533004761,0.35053086280822754,0.6241384744644165,0.38543784618377686,0.5315934419631958,0.3761449456214905,0.43326449394226074,0.3692808151245117,0.35657835006713867,0.3768163025379181,0.4444319009780884,0.3994060158729553,0.37839728593826294,0.38635942339897156,0.41369181871414185,0.3664342164993286,0.47377514839172363,0.33612582087516785,0.43331846594810486,0.3430275321006775,0.37550491094589233,0.3361739218235016,0.4693150520324707,0.3319667875766754,0.5481095314025879,0.2958765923976898,0.4361205995082855,0.29964426159858704,0.3929690718650818,0.30323538184165955,0.48785436153411865,0.30571913719177246,0.5567484498023987,0.2530086040496826,0.45164087414741516,0.26372313499450684,0.40739497542381287,0.2737519145011902,0.47637754678726196,0.27888941764831543,0.5251179933547974,t
0.2956944704055786,0.6594641208648682,0.35012367367744446,0.6246823072433472,0.38516420125961304,0.5332227349281311,0.3756888806819916,0.4341982305049896,0.36876487731933594,0.35759276151657104,0.37640056014060974,0.44537246227264404,0.39873841404914856,0.37874242663383484,0.3856775462627411,0.4150685966014862,0.36580878496170044,0.4754716753959656,0.335930734872818,0.4344066083431244,0.3423059284687042,0.3756837546825409,0.3361195921897888,0.4686826467514038,0.3320799767971039,0.5471454858779907,0.29582589864730835,0.43719542026519775,0.2993301749229431,0.3927116096019745,0.30323198437690735,0.48807960748672485,0.30551421642303467,0.5572066307067871,0.25289011001586914,0.45265671610832214,0.26324963569641113,0.4096575081348419,0.27388590574264526,0.47949305176734924,0.27967244386672974,0.5283607840538025,t
0.2944093942642212,0.6578248739242554,0.34795770049095154,0.6228489279747009,0.3833286166191101,0.5308964848518372,0.3742935359477997,0.4320715069770813,0.3668171763420105,0.3550920784473419,0.37526509165763855,0.4434032142162323,0.39675095677375793,0.37783282995224,0.38446885347366333,0.4113674759864807,0.36474981904029846,0.47072499990463257,0.33445093035697937,0.432289183139801,0.34077492356300354,0.37479087710380554,0.3341967463493347,0.4680275022983551,0.32987454533576965,0.546328067779541,0.29417067766189575,0.4351262152194977,0.29743316769599915,0.3925047218799591,0.3011954724788666,0.4871641993522644,0.3036368489265442,0.5550191402435303,0.25103259086608887,0.4510081708431244,0.26133859157562256,0.40693703293800354,0.2715523838996887,0.47652754187583923,0.2771199643611908,0.5248933434486389,t
0.29220110177993774,0.6572730541229248,0.34634414315223694,0.6218855381011963,0.38171106576919556,0.5315144658088684,0.3725112974643707,0.4331035912036896,0.36531877517700195,0.35711342096328735,0.3732379376888275,0.44378045201301575,0.39532849192619324,0.37778040766716003,0.38292229175567627,0.414434552192688,0.3631645441055298,0.4740127921104431,0.3326639235019684,0.4324794411659241,0.3392261564731598,0.37447476387023926,0.3324548006057739,0.46979913115501404,0.32800593972206116,0.546718180179596,0.29256001114845276,0.435021311044693,0.2964288592338562,0.390828937292099,0.2996271848678589,0.4866480529308319,0.30140334367752075,0.5538443326950073,0.24957548081874847,0.4502798914909363,0.259976863861084,0.4057052731513977,0.26991376280784607,0.475604385137558,0.27486398816108704,0.5236625075340271,t
0.2917405664920807,0.6582762002944946,0.3454950153827667,0.6241974234580994,0.3808979392051697,0.5323687791824341,0.3716188669204712,0.4330248534679413,0.36522817611694336,0.3566455543041229,0.37370896339416504,0.4439341127872467,0.39516204595565796,0.378807008266449,0.38215968012809753,0.4151337444782257,0.36226049065589905,0.47638776898384094,0.3329985439777374,0.4328463077545166,0.3383646607398987,0.37693142890930176,0.33144232630729675,0.47078073024749756,0.32748833298683167,0.549248218536377,0.2927926480770111,0.4356141686439514,0.29527875781059265,0.39409908652305603,0.2986953854560852,0.48872822523117065,0.30147451162338257,0.5565645694732666,0.24969176948070526,0.4513062536716461,0.2588169574737549,0.4091261029243469,0.2688067555427551,0.47854727506637573,0.2747706174850464,0.5264469981193542,t
0.290541410446167,0.6593835949897766,0.34529492259025574,0.6257205009460449,0.38049888610839844,0.5342605710029602,0.37056708335876465,0.43480753898620605,0.364798367023468,0.35773763060569763,0.3727557361125946,0.4457162618637085,0.39476099610328674,0.3780807554721832,0.3815799057483673,0.41557055711746216,0.36182114481925964,0.4775807559490204,0.33185794949531555,0.43485766649246216,0.3380527198314667,0.37720930576324463,0.33105015754699707,0.4704488515853882,0.32690533995628357,0.5484138131141663,0.29149767756462097,0.43766796588897705,0.294927716255188,0.39496004581451416,0.2980716824531555,0.4904307425022125,0.3004806339740753,0.5585653781890869,0.2484125792980194,0.45319652557373047,0.25878942012786865,0.4106467366218567,0.26848217844963074,0.48109301924705505,0.27391719818115234,0.5293887853622437,t
0.29072535037994385,0.662308394908905,0.34596288204193115,0.6272037029266357,0.3808344602584839,0.5364203453063965,0.37025779485702515,0.4373885691165924,0.36401793360710144,0.36113134026527405,0.3731921911239624,0.44879278540611267,0.39443153142929077,0.3816155791282654,0.3810103237628937,0.41814979910850525,0.36140838265419006,0.4795511066913605,0.3323270380496979,0.4375598430633545,0.3376912474632263,0.3796447515487671,0.33027705550193787,0.47289586067199707,0.32634931802749634,0.551647961139679,0.29210543632507324,0.43974801898002625,0.2946810722351074,0.39771777391433716,0.2970692217350006,0.4927525520324707,0.29961758852005005,0.5605614185333252,0.2489331066608429,0.45480549335479736,0.25834813714027405,0.41471269726753235,0.26765766739845276,0.4855155050754547,0.273654580116272,0.5334604978561401,t
0.2896721363067627,0.6629969477653503,0.34409940242767334,0.6296408176422119,0.3801771104335785,0.5364727973937988,0.37091249227523804,0.43628576397895813,0.3639514148235321,0.3590451180934906,0.3716195225715637,0.44883662462234497,0.3939667344093323,0.3818010687828064,0.3807043433189392,0.4185103178024292,0.36069366335868835,0.4793741703033447,0.3305356204509735,0.43749645352363586,0.33736956119537354,0.38020825386047363,0.33051154017448425,0.475006639957428,0.32653531432151794,0.5529215931892395,0.2899361550807953,0.4398447871208191,0.29373717308044434,0.397213876247406,0.29708534479141235,0.4938822090625763,0.29957959055900574,0.5618410110473633,0.24647760391235352,0.4549834728240967,0.2570013105869293,0.41300129890441895,0.26704141497612,0.48484259843826294,0.2726733684539795,0.5332069993019104,t
0.2900751829147339,0.6648154854774475,0.3438100516796112,0.6321907639503479,0.37923553586006165,0.5400757193565369,0.36915287375450134,0.44062623381614685,0.3632183074951172,0.3630934953689575,0.37233564257621765,0.45145654678344727,0.3938521146774292,0.38451460003852844,0.38077813386917114,0.42079174518585205,0.361285537481308,0.4828135371208191,0.330924928188324,0.44009315967559814,0.33769848942756653,0.38375040888786316,0.32996708154678345,0.47837066650390625,0.3255341053009033,0.5566229224205017,0.29010728001594543,0.4424842298030853,0.2936883568763733,0.400433748960495,0.2963712513446808,0.49692967534065247,0.2988932430744171,0.5650352239608765,0.24645166099071503,0.4581258296966553,0.25703179836273193,0.41662919521331787,0.26681938767433167,0.48853352665901184,0.2724858224391937,0.5370087027549744,t
0.288561075925827,0.6660487651824951,0.34261354804039,0.633654773235321,0.37870821356773376,0.5409501791000366,0.36981892585754395,0.4408971667289734,0.36379411816596985,0.3631168305873871,0.3709947466850281,0.4518388509750366,0.3936726450920105,0.3836372196674347,0.38022199273109436,0.42071011662483215,0.36006417870521545,0.48227691650390625,0.32992270588874817,0.440372109413147,0.33671867847442627,0.38321617245674133,0.3288249671459198,0.4787164032459259,0.32453837990760803,0.5566813349723816,0.28934445977211,0.44232863187789917,0.29283133149147034,0.400479793548584,0.2955669164657593,0.4971795380115509,0.2981824278831482,0.564663827419281,0.2460998296737671,0.45699363946914673,0.2563333213329315,0.415544331073761,0.26581403613090515,0.48736831545829773,0.2713761031627655,0.5349673628807068,t
0.2893957495689392,0.6694235801696777,0.3447931110858917,0.6361039876937866,0.38051918148994446,0.5453543663024902,0.37043148279190063,0.4456948935985565,0.3648660182952881,0.3683300018310547,0.3719736635684967,0.4561971426010132,0.393716037273407,0.39035654067993164,0.3811125159263611,0.4243793189525604,0.3618418872356415,0.4851265251636505,0.33071404695510864,0.44449904561042786,0.3371705412864685,0.3868384063243866,0.32964035868644714,0.47999468445777893,0.3255932033061981,0.5590476393699646,0.29009750485420227,0.4461555480957031,0.29349276423454285,0.4058050811290741,0.29544728994369507,0.501996636390686,0.2980135381221771,0.5693125128746033,0.2465793937444687,0.4610072374343872,0.2566196024417877,0.4234585464000702,0.2653995156288147,0.49595093727111816,0.2712121903896332,0.5433777570724487,t
0.28893181681632996,0.6672785878181458,0.34380799531936646,0.6362249851226807,0.37975800037384033,0.543378472328186,0.36869171261787415,0.4444066286087036,0.3620225489139557,0.3675300180912018,0.37001219391822815,0.45573556423187256,0.3923480808734894,0.38675838708877563,0.37992024421691895,0.42234480381011963,0.36075639724731445,0.48434147238731384,0.32865431904792786,0.44493135809898376,0.33600664138793945,0.3867343068122864,0.32848605513572693,0.4799595773220062,0.32385188341140747,0.5586764812469482,0.2878715693950653,0.4474310278892517,0.29227501153945923,0.4033326506614685,0.2942357361316681,0.4995450973510742,0.29618170857429504,0.5680144429206848,0.24433082342147827,0.4628586769104004,0.2557208836078644,0.4201110601425171,0.26451775431632996,0.4919711649417877,0.26916080713272095,0.5410637855529785,t
0.28670749068260193,0.6718277335166931,0.34231916069984436,0.6383558511734009,0.37870725989341736,0.5463875532150269,0.3693658113479614,0.44554293155670166,0.3632844090461731,0.366671085357666,0.36918479204177856,0.45742449164390564,0.39272135496139526,0.38869479298591614,0.3799760937690735,0.4250546395778656,0.3602718114852905,0.48695701360702515,0.3280532658100128,0.44595688581466675,0.3362823724746704,0.38733363151550293,0.3283519148826599,0.4812278151512146,0.3232247829437256,0.5615877509117126,0.2872295379638672,0.447845995426178,0.2924109399318695,0.4039612114429474,0.2942808270454407,0.5007174611091614,0.2957388460636139,0.571125328540802,0.24349014461040497,0.4625011086463928,0.25502508878707886,0.4205598533153534,0.2641472816467285,0.4922737181186676,0.26900753378868103,0.5420041084289551,t
0.2869565188884735,0.6732842922210693,0.34133949875831604,0.6384169459342957,0.3775104284286499,0.5447916388511658,0.36877599358558655,0.4453510046005249,0.36234113574028015,0.3677433729171753,0.36879047751426697,0.45484066009521484,0.39243221282958984,0.3902563154697418,0.3793702721595764,0.42676255106925964,0.3587229251861572,0.48798635601997375,0.3273589313030243,0.4432668089866638,0.33455702662467957,0.38863152265548706,0.32755041122436523,0.48551130294799805,0.3232128918170929,0.5651051998138428,0.2862097918987274,0.4456654191017151,0.29079389572143555,0.4054708480834961,0.2941136062145233,0.5036125183105469,0.29645079374313354,0.5726465582847595,0.24222654104232788,0.46120649576187134,0.25361746549606323,0.4206315875053406,0.26355957984924316,0.4937819242477417,0.2687836289405823,0.5430455803871155,t
0.28516077995300293,0.6776747107505798,0.34093478322029114,0.642047107219696,0.37624987959861755,0.549174964427948,0.3655751943588257,0.44951754808425903,0.35905441641807556,0.37158188223838806,0.3675079047679901,0.4588014483451843,0.38969090580940247,0.390365868806839,0.37618425488471985,0.4295121431350708,0.356454998254776,0.4928699731826782,0.3258945941925049,0.44762006402015686,0.33259111642837524,0.3914661705493927,0.32507559657096863,0.4876959025859833,0.3207911550998688,0.5680017471313477,0.28467217087745667,0.44991227984428406,0.28856170177459717,0.408809632062912,0.29118475317955017,0.5071570873260498,0.29368725419044495,0.576927900314331,0.24058499932289124,0.46528109908103943,0.2515638768672943,0.4260886311531067,0.2610461711883545,0.5002564191818237,0.2666734755039215,0.5499060153961182,t
0.28400683403015137,0.6790351271629333,0.3400280475616455,0.6448090076446533,0.3770247995853424,0.551802933216095,0.36769524216651917,0.4512566030025482,0.3608337640762329,0.3733806312084198,0.36848369240760803,0.4626696705818176,0.39155688881874084,0.3956220746040344,0.37773603200912476,0.43068328499794006,0.3572414219379425,0.4924892783164978,0.3268166780471802,0.45019999146461487,0.33463209867477417,0.3934502899646759,0.32544875144958496,0.48801979422569275,0.3198832869529724,0.5689515471458435,0.285795122385025,0.45125049352645874,0.290131151676178,0.41080576181411743,0.29130902886390686,0.5065562725067139,0.2929622530937195,0.575503408908844,0.24194878339767456,0.46505385637283325,0.25292137265205383,0.42554086446762085,0.26109224557876587,0.49716854095458984,0.26583200693130493,0.5452943444252014,t
0.28576022386550903,0.6774929165840149,0.3413153886795044,0.6447252631187439,0.3777892291545868,0.5528028607368469,0.3701937794685364,0.45090213418006897,0.36655187606811523,0.37139320373535156,0.3702699840068817,0.46440333127975464,0.39458534121513367,0.39772048592567444,0.3819141387939453,0.4292888939380646,0.36092785000801086,0.4889458119869232,0.3291991055011749,0.45150327682495117,0.3373667299747467,0.39195045828819275,0.3287959098815918,0.48479586839675903,0.3231097459793091,0.56439608335495,0.28842708468437195,0.45249903202056885,0.2934897840023041,0.40885254740715027,0.29480230808258057,0.5044964551925659,0.2956794798374176,0.573203444480896,0.24452151358127594,0.4665784537792206,0.2560907304286957,0.42376628518104553,0.2645711898803711,0.4945017695426941,0.26902222633361816,0.5430395007133484,t
0.2879549264907837,0.6773602962493896,0.34409093856811523,0.6442023515701294,0.38106900453567505,0.5511937141418457,0.37399986386299133,0.44972941279411316,0.3700055181980133,0.36985358595848083,0.37229445576667786,0.4644002616405487,0.39697062969207764,0.39702245593070984,0.3844904601573944,0.43069204688072205,0.3639184832572937,0.4907507300376892,0.331091046333313,0.4508815407752991,0.34059104323387146,0.3925415873527527,0.33203139901161194,0.48522529006004333,0.3264864385128021,0.5640472769737244,0.2900822162628174,0.45116159319877625,0.2969413995742798,0.4088631272315979,0.2978920638561249,0.5049583315849304,0.2985683083534241,0.5739281177520752,0.24612292647361755,0.4651176631450653,0.2592259347438812,0.4229816794395447,0.26740533113479614,0.4947781264781952,0.271463006734848,0.5444199442863464,t
0.2895880937576294,0.6755841374397278,0.34462669491767883,0.6421253085136414,0.3815167546272278,0.5519261956214905,0.37531784176826477,0.45098280906677246,0.371979683637619,0.37036439776420593,0.3735901713371277,0.4621840715408325,0.3992565870285034,0.3982222378253937,0.38682234287261963,0.4290880560874939,0.3656894266605377,0.4872974753379822,0.3330053389072418,0.4482824504375458,0.3417907655239105,0.3904522657394409,0.33404794335365295,0.4817574620246887,0.32899239659309387,0.5609696507453918,0.29233232140541077,0.4485413730144501,0.29839813709259033,0.4079282581806183,0.3001076579093933,0.5035778284072876,0.30130669474601746,0.5729629993438721,0.24842014908790588,0.4621638059616089,0.261038213968277,0.42235100269317627,0.26971498131752014,0.49367818236351013,0.27432939410209656,0.5432280898094177,t
0.2892032563686371,0.6733988523483276,0.3442850708961487,0.6419427394866943,0.3823480010032654,0.5509259104728699,0.37530389428138733,0.45005643367767334,0.3701651096343994,0.37037214636802673,0.37415820360183716,0.4606679379940033,0.39911168813705444,0.39455604553222656,0.38646963238716125,0.4279468357563019,0.3661153316497803,0.4878397583961487,0.3332667946815491,0.44687411189079285,0.3425101339817047,0.3897656798362732,0.3336211144924164,0.48208731412887573,0.32818207144737244,0.560909628868103,0.2925506830215454,0.4471593499183655,0.2988162040710449,0.4075779616832733,0.29954618215560913,0.5030027031898499,0.30067747831344604,0.5711643099784851,0.24878853559494019,0.46081849932670593,0.2617138624191284,0.42251378297805786,0.26960185170173645,0.4942488372325897,0.27375510334968567,0.542493462562561,t
0.29085618257522583,0.6731311678886414,0.3455614745616913,0.6408434510231018,0.3830907344818115,0.5493007898330688,0.3765985369682312,0.4489996135234833,0.372732013463974,0.36904993653297424,0.3739268183708191,0.460239052772522,0.3993982672691345,0.3941977322101593,0.38810884952545166,0.4298551678657532,0.3685694634914398,0.4903545379638672,0.33336034417152405,0.44721928238868713,0.3430633246898651,0.390155553817749,0.3355451822280884,0.48232805728912354,0.33029183745384216,0.5602676272392273,0.29287442564964294,0.44797563552856445,0.3003290295600891,0.40722039341926575,0.30185896158218384,0.5028209686279297,0.30253860354423523,0.5714356303215027,0.24942709505558014,0.46192672848701477,0.2629888951778412,0.4218120276927948,0.2716276943683624,0.4929529130458832,0.2756730318069458,0.5422331094741821,t
0.2926763594150543,0.673999547958374,0.3475111126899719,0.6406490802764893,0.3846553862094879,0.5505179166793823,0.37628355622291565,0.45177531242370605,0.3710789084434509,0.37333038449287415,0.3753022253513336,0.46222123503685,0.3997848331928253,0.3952915370464325,0.3880668878555298,0.4299730658531189,0.3687678575515747,0.49046698212623596,0.3345138728618622,0.44950371980667114,0.34441590309143066,0.39213883876800537,0.33569344878196716,0.48457637429237366,0.32975760102272034,0.5627663731575012,0.293990820646286,0.45030397176742554,0.3006623685359955,0.40850502252578735,0.30154144763946533,0.5040703415870667,0.30237331986427307,0.5723713636398315,0.25044628977775574,0.4639747142791748,0.2636180520057678,0.42343956232070923,0.2718895673751831,0.49440106749534607,0.275820255279541,0.5428207516670227,t
0.2928706407546997,0.6729612350463867,0.34730926156044006,0.6407413482666016,0.3854672610759735,0.5489684343338013,0.378461629152298,0.44949066638946533,0.3723878860473633,0.3705487847328186,0.37669268250465393,0.4605006277561188,0.4013269245624542,0.3954147696495056,0.3891972005367279,0.4272134602069855,0.36884230375289917,0.48616644740104675,0.335587739944458,0.44702818989753723,0.34522441029548645,0.3899276852607727,0.33693549036979675,0.48247119784355164,0.33121150732040405,0.5608352422714233,0.2946294844150543,0.44779130816459656,0.3012918531894684,0.40643173456192017,0.30269962549209595,0.5018733739852905,0.30349719524383545,0.5697936415672302,0.25061577558517456,0.46199628710746765,0.2643764913082123,0.4216776192188263,0.2729997932910919,0.49304088950157166,0.2768688201904297,0.5413914322853088,t
0.29234373569488525,0.6732825040817261,0.3467966616153717,0.6414887309074402,0.3850211203098297,0.5492197871208191,0.378384530544281,0.4486614465713501,0.37297508120536804,0.36918240785598755,0.3759419918060303,0.4601095914840698,0.4012068212032318,0.39507773518562317,0.3888089954853058,0.42596638202667236,0.3680618703365326,0.4845786988735199,0.33522650599479675,0.44644924998283386,0.34492576122283936,0.38886141777038574,0.33658671379089355,0.48104581236839294,0.331108421087265,0.5602380037307739,0.29457393288612366,0.44689008593559265,0.30143290758132935,0.4055544137954712,0.30249863862991333,0.5009673833847046,0.3032322824001312,0.5697441697120667,0.2507023215293884,0.46051305532455444,0.26442787051200867,0.4202376902103424,0.2728103995323181,0.4913010597229004,0.2766927182674408,0.5402730703353882,t
0.292049765586853,0.6728323698043823,0.3470551073551178,0.6401776671409607,0.38445165753364563,0.5488020777702332,0.37780770659446716,0.4485432505607605,0.37387600541114807,0.36889341473579407,0.375420480966568,0.46080830693244934,0.4002920985221863,0.3940730690956116,0.38886353373527527,0.42761409282684326,0.36933639645576477,0.48734578490257263,0.33455827832221985,0.4476681053638458,0.3444092869758606,0.3888169527053833,0.3367958962917328,0.48061102628707886,0.3315761983394623,0.5585694909095764,0.29395365715026855,0.44855400919914246,0.30158787965774536,0.4053182601928711,0.30268561840057373,0.5003881454467773,0.3030221462249756,0.5689053535461426,0.25033026933670044,0.46284234523773193,0.26460734009742737,0.42008262872695923,0.2731124758720398,0.49027755856513977,0.2766975462436676,0.5394067168235779,t
0.2930796146392822,0.6738341450691223,0.34903427958488464,0.6399692893028259,0.38581836223602295,0.5499009490013123,0.37698787450790405,0.45057907700538635,0.3717876374721527,0.3717474043369293,0.3762648105621338,0.4623328745365143,0.4012106955051422,0.3954221308231354,0.38954034447669983,0.4294826090335846,0.36979082226753235,0.49016258120536804,0.3352321982383728,0.44927656650543213,0.34552261233329773,0.39162304997444153,0.3371146619319916,0.48445725440979004,0.33119288086891174,0.5628185272216797,0.29454106092453003,0.45012056827545166,0.30194875597953796,0.4079926013946533,0.30271047353744507,0.5035393834114075,0.3029645085334778,0.5718381404876709,0.25083208084106445,0.4639313519001007,0.26462075114250183,0.4221636950969696,0.2727785110473633,0.4920789301395416,0.2761276960372925,0.5400189161300659,t
0.29247403144836426,0.6734220385551453,0.34735703468322754,0.6409552693367004,0.3857404887676239,0.5487496852874756,0.37832996249198914,0.44956082105636597,0.37120211124420166,0.3717879354953766,0.3765718638896942,0.4616644084453583,0.40172460675239563,0.3958004117012024,0.3890618085861206,0.42880964279174805,0.3686336874961853,0.4886823296546936,0.3354518413543701,0.4481089413166046,0.34597262740135193,0.3911927342414856,0.3367342948913574,0.48452821373939514,0.3304716646671295,0.564177930355072,0.2943224310874939,0.44883033633232117,0.30138105154037476,0.4080500602722168,0.3020738959312439,0.5042823553085327,0.3026072382926941,0.5735917687416077,0.25008341670036316,0.46237874031066895,0.2640961706638336,0.4216686487197876,0.2725922465324402,0.4931938648223877,0.27634480595588684,0.5425593256950378,t
0.2924601137638092,0.6728849411010742,0.3467809557914734,0.6418543457984924,0.38509276509284973,0.5506688952445984,0.37781429290771484,0.4508596658706665,0.37219738960266113,0.37194839119911194,0.3759876787662506,0.46068498492240906,0.40109190344810486,0.39507582783699036,0.38893696665763855,0.4295423626899719,0.3689422011375427,0.48978933691978455,0.33515918254852295,0.4467625319957733,0.3457511067390442,0.39036890864372253,0.3367839753627777,0.48381873965263367,0.33076199889183044,0.5624098777770996,0.2944279611110687,0.4470837116241455,0.30205243825912476,0.4066162705421448,0.3024848699569702,0.5028490424156189,0.3028222918510437,0.5711659789085388,0.2505030930042267,0.46069157123565674,0.26477447152137756,0.4224056005477905,0.2729855179786682,0.4939829707145691,0.27658432722091675,0.5420156121253967,t
0.29178646206855774,0.6708117127418518,0.3461677134037018,0.6410903930664062,0.3848416805267334,0.5499115586280823,0.3778423070907593,0.4494084119796753,0.3719165623188019,0.369962215423584,0.37596413493156433,0.45985034108161926,0.40075621008872986,0.39352795481681824,0.3886958956718445,0.42633023858070374,0.3681499660015106,0.4859979748725891,0.33500736951828003,0.44624197483062744,0.34472280740737915,0.38827094435691833,0.3365181088447571,0.4808645248413086,0.3307426869869232,0.5592419505119324,0.2942119538784027,0.44663697481155396,0.301282674074173,0.4045717716217041,0.30224913358688354,0.5000821352005005,0.30251801013946533,0.5677579641342163,0.25020986795425415,0.4600411057472229,0.26442205905914307,0.4194941222667694,0.27269622683525085,0.4911262094974518,0.27612021565437317,0.5394680500030518,t
0.2897655963897705,0.6701180338859558,0.34499722719192505,0.6366782784461975,0.3832937479019165,0.545095682144165,0.3759116530418396,0.4445466101169586,0.36904463171958923,0.36530640721321106,0.3734668493270874,0.4566182494163513,0.39847472310066223,0.3904336392879486,0.3863629698753357,0.42255735397338867,0.3662349581718445,0.48222821950912476,0.332550585269928,0.44336631894111633,0.3427712917327881,0.38571372628211975,0.3341347873210907,0.47836053371429443,0.32833099365234375,0.5586342215538025,0.2916867733001709,0.4441521167755127,0.2989499270915985,0.4027971029281616,0.3000994324684143,0.4983465373516083,0.30091750621795654,0.568129301071167,0.2476089596748352,0.45817887783050537,0.2614917457103729,0.41689127683639526,0.2699260711669922,0.4883747398853302,0.27381864190101624,0.538558840751648,t
0.2905600368976593,0.6671596765518188,0.34615156054496765,0.6352888941764832,0.38444754481315613,0.5437992811203003,0.377401739358902,0.4434468448162079,0.3724898397922516,0.3631013035774231,0.3746350109577179,0.4547370374202728,0.39936843514442444,0.38939768075942993,0.3882088363170624,0.42371177673339844,0.3688429594039917,0.48336392641067505,0.33355697989463806,0.4410337209701538,0.3440795838832855,0.3851628303527832,0.33630409836769104,0.47702890634536743,0.3304201662540436,0.5544906854629517,0.29274675250053406,0.4411543905735016,0.3007013201713562,0.4010210633277893,0.30194756388664246,0.49639397859573364,0.30200934410095215,0.5641981959342957,0.24885186553001404,0.45469215512275696,0.2631463408470154,0.41672611236572266,0.27152225375175476,0.488055557012558,0.27499258518218994,0.5363983511924744,t
0.29025864601135254,0.6661080718040466,0.3460303246974945,0.6345085501670837,0.3842989206314087,0.5433753728866577,0.3779168725013733,0.44236457347869873,0.3741867244243622,0.36156022548675537,0.37544000148773193,0.45479777455329895,0.4009346663951874,0.3885812759399414,0.3899560570716858,0.4229046106338501,0.37009692192077637,0.4830007553100586,0.33478251099586487,0.4411415457725525,0.3449094295501709,0.38227254152297974,0.33669528365135193,0.4751635789871216,0.33062830567359924,0.5534136891365051,0.2941713333129883,0.44131895899772644,0.3017256557941437,0.39890849590301514,0.30240681767463684,0.4948762357234955,0.30249539017677307,0.5629498362541199,0.2504005432128906,0.4546891152858734,0.2642797827720642,0.4134117364883423,0.2724122405052185,0.4843078553676605,0.2759789228439331,0.5326963663101196,t
0.29272815585136414,0.6638699769973755,0.34786391258239746,0.632331132888794,0.38604921102523804,0.5418215990066528,0.3791901171207428,0.44261109828948975,0.3739374876022339,0.3644329607486725,0.37724316120147705,0.4537962079048157,0.40168580412864685,0.38870811462402344,0.39063942432403564,0.42205527424812317,0.37124234437942505,0.4814516603946686,0.3362184464931488,0.4398553669452667,0.34686389565467834,0.38321536779403687,0.3385622203350067,0.47535520792007446,0.332136332988739,0.553314745426178,0.2954452335834503,0.4400174021720886,0.3032262325286865,0.39862242341041565,0.3039231598377228,0.4942096769809723,0.3038104176521301,0.5624347925186157,0.251642107963562,0.4537413418292999,0.2657478153705597,0.4138699173927307,0.27409374713897705,0.48542219400405884,0.27767544984817505,0.5344470739364624,t
0.29215821623802185,0.6623241901397705,0.3471471667289734,0.6322978138923645,0.38545334339141846,0.5421351790428162,0.37949201464653015,0.44040217995643616,0.37490078806877136,0.3596431612968445,0.3774173855781555,0.45381641387939453,0.4031583368778229,0.3872775733470917,0.39117127656936646,0.4185921847820282,0.37051212787628174,0.47697335481643677,0.33674976229667664,0.43966758251190186,0.3470747470855713,0.3803962469100952,0.3382027745246887,0.47143885493278503,0.33181461691856384,0.5499834418296814,0.2961706817150116,0.4397045373916626,0.3036871552467346,0.3960877060890198,0.3043053448200226,0.4905959963798523,0.30430322885513306,0.5595373511314392,0.2525160610675812,0.4525894224643707,0.26611387729644775,0.40820276737213135,0.2742617726325989,0.47769030928611755,0.2777460813522339,0.5269196033477783,t
0.29183992743492126,0.66377854347229,0.34744521975517273,0.6321448087692261,0.38562554121017456,0.5414440631866455,0.37944281101226807,0.440544068813324,0.37464195489883423,0.36053192615509033,0.3768500089645386,0.4530654847621918,0.40238669514656067,0.3875771462917328,0.3905029892921448,0.41870662569999695,0.3699988126754761,0.4778411090373993,0.33622726798057556,0.43933460116386414,0.3468017876148224,0.38092175126075745,0.3380643129348755,0.4729510545730591,0.33163633942604065,0.5529510974884033,0.29553839564323425,0.43946927785873413,0.3030011057853699,0.3978224992752075,0.30370286107063293,0.49338510632514954,0.30368733406066895,0.5632641911506653,0.25166791677474976,0.45222023129463196,0.26548296213150024,0.4095021188259125,0.27378523349761963,0.4795989990234375,0.2772921621799469,0.5290855169296265,t
0.29143205285072327,0.6681724190711975,0.3460906744003296,0.6365779638290405,0.38423898816108704,0.5459240674972534,0.377636194229126,0.44538605213165283,0.37296104431152344,0.3649025857448578,0.3757147490978241,0.4569108784198761,0.40069758892059326,0.39166760444641113,0.38892489671707153,0.42280104756355286,0.36869943141937256,0.4821246862411499,0.3349052667617798,0.44349610805511475,0.3449096977710724,0.38526567816734314,0.33619213104248047,0.47630488872528076,0.3300445079803467,0.5561579465866089,0.2941771447658539,0.4442824423313141,0.3013715445995331,0.40227359533309937,0.3023879826068878,0.4965832829475403,0.3029863238334656,0.5665655732154846,0.25019708275794983,0.458262175321579,0.26419466733932495,0.4160524904727936,0.27270710468292236,0.4860900640487671,0.2765454947948456,0.5364042520523071,t
0.2920323610305786,0.6647143363952637,0.346740186214447,0.6334285736083984,0.3847450613975525,0.5427108407020569,0.3785257041454315,0.442484587430954,0.37430936098098755,0.36188405752182007,0.3756624162197113,0.4537619948387146,0.4006776213645935,0.3883006274700165,0.3897635042667389,0.42154935002326965,0.3700926899909973,0.4807794392108917,0.3349069654941559,0.4404727816581726,0.34502074122428894,0.38351333141326904,0.3370686173439026,0.4752998352050781,0.3312157392501831,0.5520920753479004,0.29441946744918823,0.4410686492919922,0.30201455950737,0.39868995547294617,0.30305391550064087,0.4934763014316559,0.30322057008743286,0.560987114906311,0.25086694955825806,0.45489850640296936,0.26479747891426086,0.41381216049194336,0.2730780839920044,0.4844188094139099,0.2764493525028229,0.5327872633934021,t
0.2932147681713104,0.6655814051628113,0.3480927646160126,0.6334169507026672,0.38551875948905945,0.5429374575614929,0.37793195247650146,0.4431302845478058,0.3724216818809509,0.36362889409065247,0.376629501581192,0.4545668959617615,0.40162399411201477,0.3879638612270355,0.39008307456970215,0.4211355447769165,0.37015071511268616,0.4811174273490906,0.33591967821121216,0.4415351152420044,0.3461865484714508,0.38425523042678833,0.3374847173690796,0.4761490523815155,0.3310677111148834,0.5546079277992249,0.29542210698127747,0.442264199256897,0.3022363781929016,0.40034839510917664,0.30315831303596497,0.495456337928772,0.30363741517066956,0.5639744997024536,0.25186681747436523,0.4558699429035187,0.2651289999485016,0.41469573974609375,0.2736721932888031,0.48538145422935486,0.2776217460632324,0.5339800119400024,t
0.2930903434753418,0.6654428839683533,0.3481212258338928,0.6327599287033081,0.38583505153656006,0.5432853698730469,0.3779166042804718,0.44337376952171326,0.37192806601524353,0.36469003558158875,0.3775758743286133,0.45607462525367737,0.40205898880958557,0.38985466957092285,0.38970088958740234,0.4214168190956116,0.36961376667022705,0.4807802140712738,0.33685046434402466,0.4430391192436218,0.3463694751262665,0.3846142292022705,0.33732855319976807,0.4764106869697571,0.331316202878952,0.5559113025665283,0.296313613653183,0.4435370862483978,0.30234044790267944,0.4017024338245392,0.30293044447898865,0.4964449405670166,0.3036307990550995,0.5651304721832275,0.2526053488254547,0.45644062757492065,0.2654343843460083,0.41459888219833374,0.27358558773994446,0.48417627811431885,0.277609258890152,0.5326588153839111,t
0.29408448934555054,0.6653659343719482,0.34878483414649963,0.6312812566757202,0.38476914167404175,0.5424191355705261,0.37718236446380615,0.4430158734321594,0.3729160726070404,0.3646681606769562,0.37702253460884094,0.45572778582572937,0.4019488990306854,0.3901635408401489,0.3897641599178314,0.421322762966156,0.3697371780872345,0.4793808162212372,0.336934894323349,0.4425751268863678,0.3456284701824188,0.3838852345943451,0.3374159038066864,0.4741961658000946,0.33191102743148804,0.5535445213317871,0.29695457220077515,0.4431375563144684,0.3026614189147949,0.4004444181919098,0.3043813705444336,0.493975967168808,0.3054432272911072,0.5638976693153381,0.2537479102611542,0.45623067021369934,0.2660024166107178,0.41367968916893005,0.2751508355140686,0.48217788338661194,0.27994850277900696,0.5317807793617249,t
0.294780969619751,0.6640986204147339,0.3485869765281677,0.6314045786857605,0.38434240221977234,0.5426360964775085,0.3765581548213959,0.4424082338809967,0.3719467222690582,0.36499345302581787,0.3775233030319214,0.4564734101295471,0.4012310802936554,0.39071646332740784,0.38813677430152893,0.4214199483394623,0.3678129017353058,0.478374719619751,0.337743878364563,0.4441543519496918,0.3445144593715668,0.3836953043937683,0.33603501319885254,0.47312942147254944,0.3308457136154175,0.5516670346260071,0.2980625033378601,0.4453480839729309,0.301833838224411,0.40187427401542664,0.3033498525619507,0.4956921637058258,0.304686039686203,0.5651140809059143,0.2549857497215271,0.45860666036605835,0.26525232195854187,0.41620397567749023,0.2742000222206116,0.4853407144546509,0.27944082021713257,0.5349845886230469,t
0.2945389747619629,0.6617634892463684,0.34870412945747375,0.6292648315429688,0.3849729001522064,0.5418146252632141,0.37675073742866516,0.4423910677433014,0.37186431884765625,0.3649469316005707,0.37784889340400696,0.4546329081058502,0.40120214223861694,0.3886300027370453,0.3888622522354126,0.42045992612838745,0.3690466284751892,0.4787781536579132,0.33794814348220825,0.4419058859348297,0.34555521607398987,0.38387808203697205,0.33694326877593994,0.473040908575058,0.3309962749481201,0.5511091351509094,0.2983272075653076,0.4424719512462616,0.30258962512016296,0.39928415417671204,0.30386096239089966,0.4916571080684662,0.3046353757381439,0.5605091452598572,0.25537142157554626,0.4552955627441406,0.2659766376018524,0.4141370952129364,0.27458906173706055,0.4832723140716553,0.27930301427841187,0.5327813625335693,t
0.2948036789894104,0.6649847626686096,0.34931060671806335,0.6327564716339111,0.3860119581222534,0.5431982278823853,0.3778589069843292,0.4431912302970886,0.37258240580558777,0.3662976920604706,0.3784465193748474,0.457079142332077,0.4026366174221039,0.391292542219162,0.3900412917137146,0.42042699456214905,0.369841992855072,0.478346586227417,0.3382124900817871,0.44425979256629944,0.3466237485408783,0.3853794038295746,0.33764001727104187,0.4748643636703491,0.33187538385391235,0.5545262098312378,0.2983432114124298,0.4449223279953003,0.30372747778892517,0.40281376242637634,0.30486899614334106,0.49616485834121704,0.30584487318992615,0.5664785504341125,0.255367249250412,0.4575583338737488,0.2676563262939453,0.4138566255569458,0.2755716145038605,0.4823582172393799,0.27942657470703125,0.5325199961662292,t
0.29525214433670044,0.6627925038337708,0.34936848282814026,0.6311519742012024,0.3854178786277771,0.5437116622924805,0.37662506103515625,0.44408735632896423,0.37197306752204895,0.3670077919960022,0.3776976466178894,0.4562835991382599,0.4018641710281372,0.38983070850372314,0.3894067406654358,0.4220947325229645,0.36959972977638245,0.48089438676834106,0.33782848715782166,0.4435776174068451,0.3462131917476654,0.3845919668674469,0.33742785453796387,0.4743771553039551,0.3317682445049286,0.5530157685279846,0.29837173223495483,0.4442742168903351,0.3032448887825012,0.4013034403324127,0.30412721633911133,0.4938589036464691,0.3050035834312439,0.5627990961074829,0.25575822591781616,0.4567984640598297,0.266295462846756,0.41484320163726807,0.2746448814868927,0.4828125238418579,0.2794097363948822,0.531714677810669,t
0.29536744952201843,0.6649339199066162,0.349620521068573,0.6313380599021912,0.386275976896286,0.5427616834640503,0.3788050711154938,0.4440974295139313,0.3739699125289917,0.36625152826309204,0.3781411349773407,0.4547867774963379,0.40266484022140503,0.3892543315887451,0.39030641317367554,0.42234307527542114,0.370082825422287,0.481393426656723,0.3381059467792511,0.44219422340393066,0.346792072057724,0.3842068612575531,0.33848705887794495,0.47414717078208923,0.332570344209671,0.5527260899543762,0.29821857810020447,0.4434165954589844,0.3037261664867401,0.400677353143692,0.3053160011768341,0.49427929520606995,0.3061428964138031,0.5641952753067017,0.2551323175430298,0.4569830298423767,0.2673105299472809,0.41472071409225464,0.27634933590888977,0.48300889134407043,0.2808220386505127,0.5322629809379578,t
0.2947350740432739,0.6656838655471802,0.3483598232269287,0.6327980756759644,0.38545820116996765,0.5435137748718262,0.3770897686481476,0.44457319378852844,0.3710266351699829,0.3667469322681427,0.3766033351421356,0.4560641646385193,0.40149053931236267,0.3891499638557434,0.3887487053871155,0.4237293601036072,0.36903801560401917,0.4838598370552063,0.33631399273872375,0.4439387023448944,0.3461695909500122,0.38604041934013367,0.3372703790664673,0.47733017802238464,0.3314021825790405,0.5569143891334534,0.29617878794670105,0.4451184868812561,0.30280670523643494,0.40245190262794495,0.30376020073890686,0.4966287910938263,0.30446547269821167,0.5667124390602112,0.25302255153656006,0.45815062522888184,0.26599904894828796,0.4160599112510681,0.27470508217811584,0.48485738039016724,0.2788298726081848,0.5346186757087708,t
0.2924366891384125,0.6660968661308289,0.3472651243209839,0.6330140233039856,0.3842458426952362,0.5437528491020203,0.3766684830188751,0.44431790709495544,0.3723607063293457,0.3665488064289093,0.3763520121574402,0.45742690563201904,0.40100419521331787,0.392741322517395,0.38865962624549866,0.4248267114162445,0.3683708906173706,0.4826793074607849,0.336330384016037,0.44417691230773926,0.3448154032230377,0.384610116481781,0.3363772928714752,0.4754800498485565,0.3306567072868347,0.5542502403259277,0.2963423728942871,0.44488248229026794,0.30210503935813904,0.40223196148872375,0.303469717502594,0.49703964591026306,0.304287850856781,0.5665138959884644,0.25304684042930603,0.4579989016056061,0.26571494340896606,0.41429275274276733,0.27420973777770996,0.48301962018013,0.27813297510147095,0.5322853922843933,t
0.29134151339530945,0.6635057330131531,0.3460268974304199,0.6319268345832825,0.3832092881202698,0.5429201722145081,0.3755587637424469,0.4437117278575897,0.370674192905426,0.36672067642211914,0.37483131885528564,0.4557812809944153,0.39980843663215637,0.39068055152893066,0.387571781873703,0.4222758114337921,0.36758244037628174,0.4813767075538635,0.3346095383167267,0.442482590675354,0.3445705473423004,0.38440248370170593,0.33548805117607117,0.4746573269367218,0.32909801602363586,0.5545182228088379,0.29458117485046387,0.4425608813762665,0.3013836145401001,0.39976873993873596,0.30191299319267273,0.4932746887207031,0.3020254075527191,0.5634891390800476,0.2514532804489136,0.45476824045181274,0.26451486349105835,0.41345807909965515,0.27257397770881653,0.48235005140304565,0.27623942494392395,0.5322856903076172,t
0.2886491119861603,0.6649773716926575,0.3443155884742737,0.6328930258750916,0.38146740198135376,0.542671263217926,0.3730902075767517,0.4443749487400055,0.36806076765060425,0.3678135871887207,0.3723217844963074,0.45384886860847473,0.3975169062614441,0.39049801230430603,0.3852427005767822,0.42486897110939026,0.3650250732898712,0.484069287776947,0.331958532333374,0.4410352110862732,0.341577410697937,0.3851397633552551,0.3332386016845703,0.477962464094162,0.32722368836402893,0.5571535229682922,0.29178616404533386,0.44235759973526,0.2981162667274475,0.4019579589366913,0.29976075887680054,0.49763229489326477,0.3006507456302643,0.566764235496521,0.24853351712226868,0.4563658833503723,0.26174890995025635,0.4165286421775818,0.27051663398742676,0.48764288425445557,0.2744903862476349,0.5371593236923218,t
