0.3621855676174164,0.6629732847213745,0.41391947865486145,0.5828251838684082,0.42392584681510925,0.4649016261100769,0.4005117416381836,0.3680227994918823,0.39172065258026123,0.3048364520072937,0.3676987290382385,0.41341543197631836,0.3575364947319031,0.3436679244041443,0.3746001124382019,0.425763338804245,0.3741934299468994,0.453169047832489,0.32895520329475403,0.43882274627685547,0.32121211290359497,0.36992719769477844,0.34790176153182983,0.46012428402900696,0.3437238931655884,0.48293814063072205,0.2941618263721466,0.4707862138748169,0.2794865369796753,0.39193397760391235,0.3146040439605713,0.47970518469810486,0.3163232207298279,0.5146411061286926,0.25854772329330444,0.5106823444366455,0.24173110723495483,0.44013500213623047,0.2732052803039551,0.4870832860469818,0.2851182520389557,0.5164861679077148,a
0.3629618287086487,0.6651968955993652,0.41654205322265625,0.5873807668685913,0.426712304353714,0.46937185525894165,0.4025269150733948,0.3708030879497528,0.3939802944660187,0.30816516280174255,0.3716259002685547,0.41650140285491943,0.35994428396224976,0.3455060124397278,0.3760852813720703,0.4282340109348297,0.37598901987075806,0.4543338119983673,0.3321203291416168,0.4424583911895752,0.32362157106399536,0.37262091040611267,0.3501768410205841,0.4625338017940521,0.3462695777416229,0.4836302101612091,0.29721134901046753,0.47352921962738037,0.28134429454803467,0.3927993178367615,0.31680166721343994,0.4806184470653534,0.31943976879119873,0.5156018137931824,0.2615712285041809,0.5114753842353821,0.24375279247760773,0.44077998399734497,0.2760246694087982,0.48789775371551514,0.2892106771469116,0.5174156427383423,a
0.37126168608665466,0.66859370470047,0.42469969391822815,0.5889796018600464,0.4357364773750305,0.47224316000938416,0.4138869643211365,0.37402433156967163,0.40761205554008484,0.3108757436275482,0.38212719559669495,0.4186863899230957,0.37195849418640137,0.3475620746612549,0.3874194025993347,0.4307333528995514,0.3868323564529419,0.45614054799079895,0.34279289841651917,0.4428587555885315,0.3356843888759613,0.3735525608062744,0.3604682683944702,0.463987797498703,0.3557618260383606,0.4843646287918091,0.30770963430404663,0.4731205403804779,0.2933930456638336,0.39156168699264526,0.3272225260734558,0.47971296310424805,0.32934653759002686,0.5141830444335938,0.2717183232307434,0.5108233094215393,0.2561057507991791,0.43942520022392273,0.28758156299591064,0.48693782091140747,0.3003077507019043,0.51700758934021,a
0.3721773028373718,0.6667575240135193,0.4258253276348114,0.5879591703414917,0.43695300817489624,0.47187504172325134,0.4147453010082245,0.3745768666267395,0.40797024965286255,0.31147143244743347,0.3828939199447632,0.41819366812705994,0.3733048737049103,0.34745803475379944,0.38880854845046997,0.4296610653400421,0.38806867599487305,0.4543507993221283,0.3438331186771393,0.4423426687717438,0.3374209403991699,0.37259694933891296,0.3620773255825043,0.46355411410331726,0.3568221926689148,0.4842514991760254,0.30876415967941284,0.47270381450653076,0.29520827531814575,0.3907264471054077,0.32862743735313416,0.47889119386672974,0.3297834098339081,0.5132874846458435,0.2728345990180969,0.5103051662445068,0.2567746639251709,0.4387529790401459,0.2875714898109436,0.48501500487327576,0.2993105947971344,0.5136373043060303,a
0.3727789521217346,0.6664361953735352,0.4274469017982483,0.5947415232658386,0.4396955668926239,0.4756002128124237,0.41720080375671387,0.37472206354141235,0.4105631113052368,0.3124907910823822,0.3860178589820862,0.4205339550971985,0.37584227323532104,0.35012245178222656,0.390453577041626,0.43294134736061096,0.3900201916694641,0.4588230848312378,0.34595900774002075,0.44340193271636963,0.3393459916114807,0.3734860420227051,0.36386817693710327,0.46466895937919617,0.35946911573410034,0.48535361886024475,0.3111851215362549,0.4726763665676117,0.2970355749130249,0.39203399419784546,0.3306732773780823,0.4806288182735443,0.332398921251297,0.5155342221260071,0.2752091586589813,0.508206844329834,0.2607071101665497,0.4395597279071808,0.2913247048854828,0.48859649896621704,0.3025176227092743,0.5177845358848572,a
0.37301185727119446,0.671184241771698,0.4283031225204468,0.5957847833633423,0.43936842679977417,0.47700145840644836,0.41683316230773926,0.37630409002304077,0.41070741415023804,0.3137633204460144,0.38541385531425476,0.42148035764694214,0.3757724463939667,0.35170233249664307,0.39079704880714417,0.4357067048549652,0.38950905203819275,0.46096277236938477,0.34515491127967834,0.44567614793777466,0.3394012749195099,0.37581801414489746,0.3645517826080322,0.46757733821868896,0.3593139052391052,0.48812636733055115,0.31080031394958496,0.4761645495891571,0.296694815158844,0.39506906270980835,0.3313106596469879,0.48382413387298584,0.3322429955005646,0.5186942219734192,0.27515652775764465,0.5125330090522766,0.2607167959213257,0.44353100657463074,0.292024165391922,0.4929141402244568,0.30274689197540283,0.521787166595459,a
0.3743114173412323,0.674004852771759,0.42858651280403137,0.596341073513031,0.43966710567474365,0.4788154661655426,0.4176647961139679,0.3794397711753845,0.4108991324901581,0.3169447183609009,0.38545748591423035,0.42415452003479004,0.37668707966804504,0.35292771458625793,0.3916027247905731,0.436201274394989,0.39024826884269714,0.4621616303920746,0.3457682132720947,0.44730040431022644,0.3399300277233124,0.37678003311157227,0.36483386158943176,0.46796250343322754,0.3598262071609497,0.4892711639404297,0.310963898897171,0.47760266065597534,0.2976565659046173,0.39675626158714294,0.33157244324684143,0.48441287875175476,0.33239805698394775,0.5187243819236755,0.2752833366394043,0.5152067542076111,0.26017647981643677,0.44447416067123413,0.2914356291294098,0.49204719066619873,0.30282512307167053,0.5213735699653625,a
0.37381991744041443,0.6767109632492065,0.42790648341178894,0.594100832939148,0.4389037787914276,0.47802236676216125,0.4171384274959564,0.3786349296569824,0.4106653332710266,0.3149075210094452,0.38434332609176636,0.42431995272636414,0.37599465250968933,0.35313788056373596,0.3909618556499481,0.4358852803707123,0.3895391821861267,0.46236661076545715,0.3447757363319397,0.44636812806129456,0.33862948417663574,0.3748347759246826,0.36365532875061035,0.4661470055580139,0.35932695865631104,0.4892911911010742,0.30999839305877686,0.47673293948173523,0.2968902289867401,0.3959849178791046,0.33093005418777466,0.48353976011276245,0.33215102553367615,0.518638014793396,0.2745591104030609,0.5158157348632812,0.25979986786842346,0.4436552822589874,0.29146021604537964,0.491049200296402,0.30303430557250977,0.5213457345962524,a
0.37306317687034607,0.673352062702179,0.4275907278060913,0.5936722755432129,0.4384578764438629,0.4766170382499695,0.4164992868900299,0.3774736225605011,0.4105319082736969,0.3146716356277466,0.3848487138748169,0.42350998520851135,0.375630646944046,0.3523506224155426,0.39059320092201233,0.43557727336883545,0.38966020941734314,0.4621210992336273,0.345212459564209,0.44704562425613403,0.3386637270450592,0.37597376108169556,0.3633924722671509,0.467151403427124,0.35891833901405334,0.48911041021347046,0.31045103073120117,0.47763893008232117,0.2965948283672333,0.396798700094223,0.33025047183036804,0.48484086990356445,0.3315016031265259,0.5194832682609558,0.27472609281539917,0.5155911445617676,0.25943800806999207,0.4446429908275604,0.2905966341495514,0.49282705783843994,0.30214035511016846,0.5224165320396423,a
0.3750883936882019,0.6739770174026489,0.42877820134162903,0.5966740250587463,0.4397638142108917,0.4791804552078247,0.41742393374443054,0.3796936571598053,0.41085314750671387,0.3170159161090851,0.3855424225330353,0.4258252680301666,0.3761834502220154,0.35487622022628784,0.3916524648666382,0.4382750391960144,0.39094436168670654,0.4648212790489197,0.34546586871147156,0.45007237792015076,0.33940744400024414,0.3787726163864136,0.3648390769958496,0.47055545449256897,0.36018797755241394,0.4923725128173828,0.310909628868103,0.4805898666381836,0.2973348796367645,0.3993319571018219,0.33153030276298523,0.48730090260505676,0.3325617015361786,0.5224009156227112,0.2753474712371826,0.5174588561058044,0.26064103841781616,0.4465488791465759,0.29154103994369507,0.4953005313873291,0.3023112416267395,0.5254436731338501,a
0.3740403354167938,0.6764492392539978,0.42791834473609924,0.5966925024986267,0.43975889682769775,0.48049691319465637,0.4173773229122162,0.3820471465587616,0.41021689772605896,0.31867510080337524,0.38525113463401794,0.42588353157043457,0.37683966755867004,0.3563009202480316,0.3918616473674774,0.4388197660446167,0.39051616191864014,0.46420052647590637,0.34516677260398865,0.4496338665485382,0.3393101394176483,0.37845346331596375,0.36438482999801636,0.47042158246040344,0.35984665155410767,0.49278250336647034,0.31013745069503784,0.47996506094932556,0.297607421875,0.3999815583229065,0.33136147260665894,0.4887585937976837,0.3321775197982788,0.5235906839370728,0.27448761463165283,0.5177183747291565,0.26000040769577026,0.4463357925415039,0.2907648980617523,0.49535027146339417,0.30156654119491577,0.5254514217376709,a
0.3727015256881714,0.6792935729026794,0.4282570481300354,0.6013951301574707,0.44008010625839233,0.4829008877277374,0.41800054907798767,0.3832278847694397,0.41138142347335815,0.32049107551574707,0.38597750663757324,0.42716842889785767,0.376310795545578,0.356200248003006,0.3910254240036011,0.43919920921325684,0.39012405276298523,0.46564343571662903,0.3455509543418884,0.4508136510848999,0.33919623494148254,0.38008108735084534,0.3639396131038666,0.4721646010875702,0.35933008790016174,0.49330243468284607,0.3102588355541229,0.48049911856651306,0.297089159488678,0.3998304307460785,0.3304985463619232,0.4889490604400635,0.3313181400299072,0.5233208537101746,0.2741577923297882,0.5169883966445923,0.25930312275886536,0.44581010937690735,0.2899590730667114,0.4954129159450531,0.30099916458129883,0.5252129435539246,a
0.3731754422187805,0.6815456748008728,0.4276088774204254,0.5986453890800476,0.4389728903770447,0.48392143845558167,0.4178363084793091,0.38631442189216614,0.41175830364227295,0.32349279522895813,0.3837745785713196,0.43248435854911804,0.3750327527523041,0.3603583872318268,0.3898497521877289,0.44248825311660767,0.38905957341194153,0.4696776866912842,0.34454643726348877,0.4542023837566376,0.33799973130226135,0.38131263852119446,0.3625411093235016,0.4724092483520508,0.3587557375431061,0.49611523747444153,0.30962973833084106,0.4840734601020813,0.29662513732910156,0.40266191959381104,0.3298160135746002,0.4899916350841522,0.3315335214138031,0.5247858166694641,0.27409428358078003,0.5230721235275269,0.25923022627830505,0.45065659284591675,0.29033347964286804,0.4981963038444519,0.3024231195449829,0.5287231802940369,a
0.3698711395263672,0.6843793392181396,0.4225910007953644,0.6015428304672241,0.43386411666870117,0.4855622351169586,0.4130372703075409,0.3896156847476959,0.40595543384552,0.32554706931114197,0.3778060972690582,0.43217897415161133,0.36921486258506775,0.3617391884326935,0.3842558264732361,0.4426572024822235,0.38401561975479126,0.4732030928134918,0.3396886885166168,0.4546341300010681,0.3327799439430237,0.38387197256088257,0.35743051767349243,0.4744109511375427,0.3540562689304352,0.5002511739730835,0.3047785758972168,0.4852637052536011,0.29157841205596924,0.4056798815727234,0.3245886266231537,0.4928622543811798,0.3265823423862457,0.5288658738136292,0.2691545784473419,0.5255265831947327,0.25376608967781067,0.4539990723133087,0.28451859951019287,0.5001670122146606,0.29677513241767883,0.5303409099578857,a
0.3681468367576599,0.6860703229904175,0.42203065752983093,0.6042200326919556,0.4333261549472809,0.4874219000339508,0.41165030002593994,0.3903293311595917,0.4050779938697815,0.326788991689682,0.3764165937900543,0.435800164937973,0.36734363436698914,0.36310523748397827,0.38287660479545593,0.4446910619735718,0.38272717595100403,0.47455132007598877,0.33782583475112915,0.4581969678401947,0.3308756351470947,0.38469767570495605,0.35597148537635803,0.4758296310901642,0.3524263799190521,0.5016000270843506,0.30318111181259155,0.488242506980896,0.289834201335907,0.4065060019493103,0.32292965054512024,0.49381691217422485,0.3246743977069855,0.5299723744392395,0.26784077286720276,0.5274571180343628,0.25176042318344116,0.4547661542892456,0.2825525104999542,0.5018234848976135,0.29456275701522827,0.5332390666007996,a
0.3661535382270813,0.6908189058303833,0.4210122525691986,0.6107911467552185,0.43219268321990967,0.4930213689804077,0.4103553295135498,0.39414095878601074,0.4041484594345093,0.330617755651474,0.3759792745113373,0.4406711161136627,0.3656521737575531,0.36785319447517395,0.3815370202064514,0.45023298263549805,0.3817974030971527,0.4778575897216797,0.3368070721626282,0.4637625813484192,0.3287965655326843,0.3899390995502472,0.35435447096824646,0.48061633110046387,0.3509908616542816,0.5034321546554565,0.3019539713859558,0.4937293231487274,0.2879694402217865,0.40961870551109314,0.3214968740940094,0.49710798263549805,0.32367855310440063,0.5322558283805847,0.2668013572692871,0.531496524810791,0.2496728152036667,0.45891374349594116,0.2804800570011139,0.5049917697906494,0.2933088541030884,0.534511923789978,a
0.36280444264411926,0.6908926367759705,0.41748887300491333,0.6165276765823364,0.4304583966732025,0.49694693088531494,0.40849706530570984,0.39525553584098816,0.4013870060443878,0.3310217559337616,0.37604066729545593,0.4391852915287018,0.3645177185535431,0.36797016859054565,0.37953442335128784,0.4509567618370056,0.3805773854255676,0.4789458215236664,0.33589377999305725,0.46299418807029724,0.32718706130981445,0.39131709933280945,0.35293784737586975,0.4835905432701111,0.35077396035194397,0.5065318942070007,0.3002656102180481,0.4935161769390106,0.28546369075775146,0.41318100690841675,0.319376140832901,0.5016516447067261,0.3224726915359497,0.5365903973579407,0.2643442451953888,0.5316551923751831,0.24790284037590027,0.46127086877822876,0.27924081683158875,0.5093848705291748,0.29203641414642334,0.5382187962532043,a
0.3623908758163452,0.6904078722000122,0.4170997440814972,0.6136259436607361,0.4293528199195862,0.4945162534713745,0.4070849120616913,0.3942568302154541,0.40042445063591003,0.33055660128593445,0.37431269884109497,0.43859294056892395,0.3638950288295746,0.368124395608902,0.37888655066490173,0.45178884267807007,0.3791259825229645,0.4793738126754761,0.3345550000667572,0.46242088079452515,0.3264201283454895,0.3918301463127136,0.35139089822769165,0.48373329639434814,0.3484082520008087,0.5059594511985779,0.29930588603019714,0.49313652515411377,0.2845841646194458,0.4140033721923828,0.3178461492061615,0.5026244521141052,0.32015261054039,0.5365495681762695,0.26357993483543396,0.5316900014877319,0.2470494955778122,0.46220824122428894,0.2774508595466614,0.511272668838501,0.2893155515193939,0.5400367379188538,a
0.3616389036178589,0.6952670216560364,0.4165683388710022,0.613644003868103,0.4285831153392792,0.49502402544021606,0.4060051441192627,0.39452943205833435,0.39967262744903564,0.33014166355133057,0.3735767602920532,0.43978244066238403,0.36291414499282837,0.36842188239097595,0.37810471653938293,0.45248761773109436,0.37792468070983887,0.4776127338409424,0.333648145198822,0.4638271927833557,0.3255927860736847,0.3927086591720581,0.350887656211853,0.4853258430957794,0.34757405519485474,0.5054202675819397,0.29815369844436646,0.4949257969856262,0.2836434245109558,0.41497188806533813,0.3173008859157562,0.5041148662567139,0.3195313811302185,0.536476194858551,0.26238158345222473,0.53422611951828,0.2457299679517746,0.46326693892478943,0.2766447961330414,0.5124084949493408,0.28876879811286926,0.5410020351409912,a
0.3622846305370331,0.6946626305580139,0.4162764847278595,0.611362636089325,0.4278712868690491,0.49518880248069763,0.40611422061920166,0.3970758318901062,0.3998844623565674,0.33258411288261414,0.37202298641204834,0.4406770169734955,0.3622764050960541,0.3683832585811615,0.3777725100517273,0.4513695240020752,0.37738174200057983,0.4796206057071686,0.3327295482158661,0.46384716033935547,0.3252759277820587,0.3924035131931305,0.35040727257728577,0.4843524992465973,0.34672969579696655,0.5064930319786072,0.2974797785282135,0.4946340024471283,0.2839309275150299,0.4151325523853302,0.3169577419757843,0.5036101341247559,0.3183009922504425,0.5367611646652222,0.2617243528366089,0.5345481634140015,0.24491442739963531,0.462671160697937,0.27568939328193665,0.5104193091392517,0.28796127438545227,0.53988116979599,a
0.36301368474960327,0.6967966556549072,0.41710278391838074,0.6113419532775879,0.4285873770713806,0.49518704414367676,0.406523197889328,0.39599645137786865,0.4003271460533142,0.33133724331855774,0.3738999366760254,0.44228386878967285,0.3635006844997406,0.36920052766799927,0.3786168098449707,0.45183226466178894,0.3782968521118164,0.47876206040382385,0.33392053842544556,0.46492066979408264,0.32614991068840027,0.39352014660835266,0.3510890305042267,0.48517921566963196,0.347478985786438,0.5054195523262024,0.29820001125335693,0.4952144920825958,0.28451231122016907,0.4148772358894348,0.3176612854003906,0.503459095954895,0.31927603483200073,0.5363135933876038,0.2621138393878937,0.5347042083740234,0.24535460770130157,0.461995005607605,0.2764650881290436,0.5100505948066711,0.2891717851161957,0.5400526523590088,a
0.3609468340873718,0.694010853767395,0.41708555817604065,0.617693305015564,0.4294695258140564,0.4974413812160492,0.4066775441169739,0.39569127559661865,0.400165319442749,0.3313978612422943,0.3744913935661316,0.44197484850883484,0.3633347153663635,0.36836281418800354,0.3783332407474518,0.45228132605552673,0.3782957196235657,0.4784160852432251,0.33416879177093506,0.4655432403087616,0.3263315260410309,0.39429807662963867,0.351595938205719,0.4871648848056793,0.34777331352233887,0.5062292218208313,0.2982980012893677,0.4954734444618225,0.2840406894683838,0.41443273425102234,0.317599356174469,0.5048860311508179,0.3193586766719818,0.537797212600708,0.26197612285614014,0.5327805876731873,0.2448032796382904,0.4620528221130371,0.27583304047584534,0.5116807818412781,0.2883361577987671,0.5406780242919922,a
0.3628929555416107,0.6945331692695618,0.4176280200481415,0.6136342883110046,0.4292553961277008,0.4949972331523895,0.4066592752933502,0.3944958746433258,0.40103745460510254,0.32985520362854004,0.3744831383228302,0.440753698348999,0.36379367113113403,0.367677241563797,0.3792400360107422,0.4514055848121643,0.3791036903858185,0.4770781695842743,0.3344413936138153,0.4639274775981903,0.32669538259506226,0.3925669193267822,0.351932555437088,0.4849768877029419,0.3480502963066101,0.5047235488891602,0.2988245189189911,0.4944227635860443,0.2846485674381256,0.41205263137817383,0.31842342019081116,0.5024933815002441,0.3204767405986786,0.5364759564399719,0.26267099380493164,0.5333725214004517,0.24515554308891296,0.4612465500831604,0.2767518162727356,0.5095291137695312,0.2902411222457886,0.5393688678741455,a
0.3615860044956207,0.6926144957542419,0.41638943552970886,0.6101927757263184,0.42843949794769287,0.4926053583621979,0.40685367584228516,0.39430364966392517,0.40027669072151184,0.33033445477485657,0.372437059879303,0.4404502809047699,0.3628893792629242,0.3664044737815857,0.3781161904335022,0.4496389627456665,0.3779643774032593,0.4791181981563568,0.3330067992210388,0.46220672130584717,0.3256840705871582,0.38867345452308655,0.3502434194087982,0.48022136092185974,0.34685733914375305,0.5040414929389954,0.29751741886138916,0.49216967821121216,0.2847979962825775,0.41069501638412476,0.31744223833084106,0.4988720118999481,0.3192252218723297,0.5336261987686157,0.26180002093315125,0.5313546061515808,0.24536043405532837,0.4582701027393341,0.276142954826355,0.5055556893348694,0.2887755036354065,0.535993218421936,a
0.358643501996994,0.6885842680931091,0.4139721393585205,0.6072669625282288,0.42644524574279785,0.49039047956466675,0.404629111289978,0.39233332872390747,0.3989837169647217,0.3289937674999237,0.3693399727344513,0.4378853142261505,0.3604643642902374,0.36451753973960876,0.37586912512779236,0.44680726528167725,0.3757147789001465,0.47578805685043335,0.33030301332473755,0.45991602540016174,0.32355672121047974,0.3859827518463135,0.3480483293533325,0.4777427017688751,0.3445858061313629,0.5025703310966492,0.2952409088611603,0.48978179693222046,0.28235459327697754,0.40763020515441895,0.3150273561477661,0.4965408742427826,0.3167957067489624,0.5326405763626099,0.2594545781612396,0.5287843942642212,0.24313011765480042,0.45590683817863464,0.2739049196243286,0.503390371799469,0.28643178939819336,0.5341406464576721,a
0.3568249046802521,0.6913655400276184,0.41253387928009033,0.6120292544364929,0.42543089389801025,0.4945806562900543,0.4037747383117676,0.39416444301605225,0.3974115550518036,0.3300143778324127,0.370218425989151,0.4412284791469574,0.35935571789741516,0.36689260601997375,0.3736858069896698,0.44913429021835327,0.37442028522491455,0.4788614809513092,0.33050957322120667,0.4634966254234314,0.3217989504337311,0.3882106840610504,0.3464528024196625,0.4793260097503662,0.34439438581466675,0.5045751333236694,0.2947566509246826,0.4931475520133972,0.280215322971344,0.41001754999160767,0.31292256712913513,0.4981251060962677,0.31603050231933594,0.534471869468689,0.25903940200805664,0.5319886803627014,0.24122558534145355,0.4582808315753937,0.27186065912246704,0.5054484605789185,0.2853473722934723,0.5362830758094788,a
0.35648730397224426,0.6922916173934937,0.41182243824005127,0.6139290928840637,0.42470628023147583,0.49583899974823,0.4026150107383728,0.395167738199234,0.3965831995010376,0.3311590552330017,0.37008029222488403,0.4408845901489258,0.3595765233039856,0.3669814467430115,0.37377476692199707,0.449604868888855,0.3739820718765259,0.47705233097076416,0.3299919366836548,0.46325817704200745,0.32191458344459534,0.39022505283355713,0.34609079360961914,0.4821537733078003,0.34308889508247375,0.5037040114402771,0.2941212058067322,0.4931996464729309,0.2803359925746918,0.41162946820259094,0.31249117851257324,0.5008914470672607,0.314441055059433,0.5350139737129211,0.2580483853816986,0.531879186630249,0.24045805633068085,0.45864200592041016,0.2703488767147064,0.5064528584480286,0.28295496106147766,0.5364577174186707,a
0.356302946805954,0.6942261457443237,0.4110338091850281,0.6139424443244934,0.4241827428340912,0.4968954920768738,0.40222084522247314,0.39762961864471436,0.3959590196609497,0.33366239070892334,0.3693562150001526,0.4412113428115845,0.35876700282096863,0.3683664798736572,0.3734142482280731,0.4506854712963104,0.3738898038864136,0.47797101736068726,0.32914072275161743,0.4640742838382721,0.320943683385849,0.3913140892982483,0.3455562889575958,0.48337164521217346,0.3429628908634186,0.5050795674324036,0.2931974232196808,0.4945891499519348,0.2794956862926483,0.4137428104877472,0.3117193579673767,0.5027598142623901,0.3138616383075714,0.5363556146621704,0.25722000002861023,0.5342167019844055,0.23965038359165192,0.4612503945827484,0.2694837749004364,0.5087085366249084,0.28216707706451416,0.5382590293884277,a
0.3538842797279358,0.6933380961418152,0.40903332829475403,0.614010214805603,0.421947181224823,0.49583035707473755,0.4004516303539276,0.3964675962924957,0.39509841799736023,0.3317244052886963,0.36549508571624756,0.4407663345336914,0.3559821546077728,0.3678355813026428,0.3708529770374298,0.45223498344421387,0.3707747459411621,0.48078808188438416,0.32585328817367554,0.46367761492729187,0.3188033699989319,0.39023810625076294,0.34326159954071045,0.48379698395729065,0.3398459255695343,0.5078485012054443,0.29022690653800964,0.49381688237190247,0.2768930494785309,0.4120005965232849,0.3094457685947418,0.5020750761032104,0.3112073242664337,0.53679358959198,0.2542871832847595,0.5327355265617371,0.23845939338207245,0.46004584431648254,0.26875749230384827,0.5097535848617554,0.2803172767162323,0.5404947996139526,a
0.35519862174987793,0.697471022605896,0.40995365381240845,0.6173689961433411,0.4228977560997009,0.49926480650901794,0.4007163345813751,0.3984944522380829,0.3948430120944977,0.3341028690338135,0.3674871027469635,0.4430543780326843,0.35686585307121277,0.3700268566608429,0.3719423711299896,0.4539868235588074,0.37195900082588196,0.48063212633132935,0.3268106281757355,0.4666960835456848,0.3195270001888275,0.3942391574382782,0.34463226795196533,0.48737770318984985,0.34091347455978394,0.5080686211585999,0.29086801409721375,0.4972637891769409,0.2772308886051178,0.4147825241088867,0.3106030225753784,0.5050623416900635,0.31223559379577637,0.5395064353942871,0.2545202076435089,0.5361717939376831,0.2379656881093979,0.46207335591316223,0.26859036087989807,0.5110439658164978,0.2806839644908905,0.5416282415390015,a
0.35490116477012634,0.697242021560669,0.40994611382484436,0.6182299256324768,0.42336568236351013,0.49994879961013794,0.4017448127269745,0.39849773049354553,0.39596647024154663,0.33455920219421387,0.3684389293193817,0.44316235184669495,0.3578294813632965,0.3701935410499573,0.3723234534263611,0.45415300130844116,0.3726312518119812,0.48114442825317383,0.3276861310005188,0.46596676111221313,0.32015544176101685,0.39571788907051086,0.34476029872894287,0.48810264468193054,0.3414999544620514,0.5074748992919922,0.29167336225509644,0.4961788058280945,0.2774994373321533,0.41549956798553467,0.3103564381599426,0.5051842331886292,0.3124481737613678,0.5380746722221375,0.2553557753562927,0.5349459648132324,0.23867185413837433,0.46340662240982056,0.26873916387557983,0.5129733085632324,0.28050535917282104,0.5420444011688232,a
0.35479938983917236,0.7014812231063843,0.41084787249565125,0.6239750385284424,0.42424771189689636,0.5037094354629517,0.4025450348854065,0.40133383870124817,0.39667433500289917,0.33734437823295593,0.3698982298374176,0.4463712275028229,0.358945369720459,0.3734923303127289,0.37337008118629456,0.45808643102645874,0.3731626868247986,0.48326921463012695,0.3287624418735504,0.4696400463581085,0.3212859034538269,0.39836385846138,0.3458191454410553,0.4918399155139923,0.34198933839797974,0.5100789666175842,0.2927342653274536,0.4991949498653412,0.2787381708621979,0.4185440242290497,0.31146255135536194,0.5098373293876648,0.3129445016384125,0.541989266872406,0.2561916708946228,0.535868763923645,0.24015799164772034,0.4645470678806305,0.26989075541496277,0.5161846876144409,0.2810557782649994,0.5451300144195557,a
0.35607001185417175,0.7047090530395508,0.4115484058856964,0.6262907981872559,0.4253445267677307,0.5061194896697998,0.403682142496109,0.40416219830513,0.3975920081138611,0.3395501971244812,0.3711945116519928,0.45049041509628296,0.35960766673088074,0.376136839389801,0.37426814436912537,0.4599681496620178,0.374598890542984,0.48631995916366577,0.3301234245300293,0.4730927348136902,0.3219846189022064,0.4009251594543457,0.346607506275177,0.4935058057308197,0.3432401418685913,0.512729287147522,0.29368752241134644,0.5027614831924438,0.2792340815067291,0.421263188123703,0.31198856234550476,0.5122385025024414,0.3140428960323334,0.5448409914970398,0.2570898234844208,0.5404284000396729,0.2400178611278534,0.4687456786632538,0.2700730562210083,0.5193552374839783,0.2821946442127228,0.5484729409217834,a
0.3584940731525421,0.706688404083252,0.4149453341960907,0.6258417367935181,0.4281825125217438,0.5062869191169739,0.4063224792480469,0.4062455892562866,0.40029507875442505,0.34167832136154175,0.3742069900035858,0.4494837820529938,0.36359599232673645,0.3766050636768341,0.3775493800640106,0.46025460958480835,0.377160906791687,0.4857489764690399,0.33334094285964966,0.471770316362381,0.32577404379844666,0.400820791721344,0.34974536299705505,0.49525198340415955,0.3458375036716461,0.5133399367332458,0.29657313227653503,0.5005988478660583,0.2837067246437073,0.4200983941555023,0.3153131306171417,0.512644350528717,0.31639760732650757,0.544142484664917,0.2596932053565979,0.537875771522522,0.24361318349838257,0.4648880362510681,0.2731858193874359,0.5163962841033936,0.2849113643169403,0.5459693074226379,a
0.359367311000824,0.7034568786621094,0.41403913497924805,0.6209673881530762,0.42797982692718506,0.5041307210922241,0.4070793092250824,0.4041091799736023,0.40144237875938416,0.3382827043533325,0.3718998432159424,0.44777971506118774,0.3628396987915039,0.37394922971725464,0.3773263096809387,0.45808669924736023,0.37685099244117737,0.48700186610221863,0.3322489857673645,0.4689878523349762,0.32522648572921753,0.3966657519340515,0.3490145206451416,0.49023398756980896,0.345389723777771,0.5119937658309937,0.29622870683670044,0.49878519773483276,0.28318849205970764,0.41840165853500366,0.31500720977783203,0.5087221264839172,0.3166270852088928,0.5413382053375244,0.25966888666152954,0.5388852953910828,0.2438862919807434,0.4653988778591156,0.2739962339401245,0.5155914425849915,0.2862517535686493,0.546231746673584,a
0.35950711369514465,0.703667938709259,0.41493818163871765,0.6216187477111816,0.4287477433681488,0.5042632818222046,0.40766602754592896,0.40251725912094116,0.4020920991897583,0.3372500538825989,0.3743087649345398,0.44757509231567383,0.36411091685295105,0.3732377588748932,0.37812086939811707,0.4565000832080841,0.37801873683929443,0.4845220744609833,0.3338755667209625,0.46912264823913574,0.3264373242855072,0.396948903799057,0.35007795691490173,0.48985525965690613,0.34667545557022095,0.5104024410247803,0.2975331246852875,0.49849817156791687,0.28419768810272217,0.417386531829834,0.31585776805877686,0.5072422623634338,0.3173784911632538,0.540508508682251,0.26064279675483704,0.5371473431587219,0.24420985579490662,0.4643562436103821,0.2740681767463684,0.513354480266571,0.2862537205219269,0.5430927872657776,a
0.3596150577068329,0.7040921449661255,0.41658148169517517,0.6272015571594238,0.43099892139434814,0.5069198608398438,0.4102444052696228,0.40426674485206604,0.40438446402549744,0.3397652208805084,0.37624841928482056,0.44914576411247253,0.3663860857486725,0.37608540058135986,0.3803078830242157,0.4603591561317444,0.3799394369125366,0.4871801733970642,0.3352048397064209,0.4713166356086731,0.3280683755874634,0.4001929759979248,0.3519763946533203,0.4937632381916046,0.34804898500442505,0.5132441520690918,0.2986505329608917,0.5006693005561829,0.2856563329696655,0.42042770981788635,0.31771770119667053,0.5113021731376648,0.31879183650016785,0.5434683561325073,0.26168107986450195,0.5378895401954651,0.24621906876564026,0.46658554673194885,0.27583304047584534,0.5177568793296814,0.2869075536727905,0.5469138026237488,a
0.3609830439090729,0.7051195502281189,0.4165808856487274,0.6252566576004028,0.4308057725429535,0.5069904327392578,0.40996745228767395,0.40588390827178955,0.40404176712036133,0.34128955006599426,0.3751799762248993,0.4508237838745117,0.3657621145248413,0.37696826457977295,0.38013696670532227,0.4612323045730591,0.37973979115486145,0.4883342385292053,0.33488115668296814,0.47268182039260864,0.3279326856136322,0.4004325866699219,0.35195666551589966,0.4935320317745209,0.3482029438018799,0.5138212442398071,0.2985682189464569,0.5023276805877686,0.28547683358192444,0.4211033582687378,0.3178345561027527,0.5112429857254028,0.31935644149780273,0.5444526076316833,0.26170748472213745,0.5408589243888855,0.24571891129016876,0.4683957099914551,0.27616357803344727,0.5177144408226013,0.28835275769233704,0.5479210019111633,a
0.3603687882423401,0.7056434750556946,0.4167267978191376,0.6269004940986633,0.4307457208633423,0.5072057843208313,0.40952420234680176,0.40551045536994934,0.4041367471218109,0.34051376581192017,0.3747938871383667,0.4502852261066437,0.36523735523223877,0.37628546357154846,0.37981531023979187,0.4608810245990753,0.37950363755226135,0.48931100964546204,0.33429792523384094,0.4721488654613495,0.32746976613998413,0.39961177110671997,0.3516310155391693,0.4931808114051819,0.3478284478187561,0.5153090357780457,0.2982730567455292,0.5018483400344849,0.2851197123527527,0.42077401280403137,0.31764039397239685,0.5113359093666077,0.31903403997421265,0.5457209348678589,0.2618384063243866,0.5403814315795898,0.24631662666797638,0.46775442361831665,0.27675843238830566,0.5179896950721741,0.28847381472587585,0.5491359233856201,a
0.3604860007762909,0.7085594534873962,0.416626900434494,0.6289379000663757,0.4308495819568634,0.5099135041236877,0.4096856117248535,0.40879392623901367,0.40380915999412537,0.3438456654548645,0.3749149441719055,0.4522593319416046,0.36575570702552795,0.3784935474395752,0.38004520535469055,0.4629405438899994,0.3794686198234558,0.4912932217121124,0.3342847526073456,0.4740687310695648,0.32791098952293396,0.4013524651527405,0.35202470421791077,0.4947524964809418,0.34803879261016846,0.5169773697853088,0.2980092763900757,0.5039891004562378,0.2850901186466217,0.42185160517692566,0.31763795018196106,0.5127038955688477,0.31885263323783875,0.5473318696022034,0.2613760232925415,0.5431733727455139,0.24599970877170563,0.46918559074401855,0.2761859595775604,0.5195398330688477,0.2876162827014923,0.5506162643432617,a
0.36024782061576843,0.7086890339851379,0.4155980348587036,0.6268417239189148,0.42981868982315063,0.5096138715744019,0.40892264246940613,0.4097306430339813,0.4030188322067261,0.34455689787864685,0.37368375062942505,0.45301154255867004,0.3646533489227295,0.37891826033592224,0.37903109192848206,0.46329283714294434,0.3787311315536499,0.49185219407081604,0.3333134353160858,0.47512656450271606,0.32671496272087097,0.40134134888648987,0.3507058620452881,0.4947534203529358,0.34719958901405334,0.5177900791168213,0.29712679982185364,0.5052341818809509,0.28431618213653564,0.4225790202617645,0.31671321392059326,0.5129463076591492,0.31840354204177856,0.5478527545928955,0.26070737838745117,0.5449681878089905,0.24509687721729279,0.46988174319267273,0.27554967999458313,0.5196601748466492,0.2877964973449707,0.5513890981674194,a
0.3647863268852234,0.7063423991203308,0.4196717441082001,0.6224134564399719,0.43370142579078674,0.5046362280845642,0.4135812819004059,0.4073702394962311,0.405428409576416,0.34278756380081177,0.3784734010696411,0.44658321142196655,0.36902138590812683,0.3756020963191986,0.3833036720752716,0.4600825309753418,0.3818201422691345,0.48515984416007996,0.33862680196762085,0.47013169527053833,0.33230680227279663,0.4025591313838959,0.3556286692619324,0.49611184000968933,0.35001280903816223,0.512469470500946,0.3021022081375122,0.49948570132255554,0.28957659006118774,0.4189230501651764,0.3215646743774414,0.51158607006073,0.32273799180984497,0.5428076386451721,0.2651931047439575,0.536712110042572,0.2496679425239563,0.4658506214618683,0.2804974317550659,0.5166274309158325,0.2936074733734131,0.5455923676490784,a
0.36658725142478943,0.7007099986076355,0.42182695865631104,0.6205818057060242,0.43598198890686035,0.5043289065361023,0.41529980301856995,0.40348100662231445,0.40912073850631714,0.3385341465473175,0.38068971037864685,0.44494155049324036,0.3716524839401245,0.37175053358078003,0.38558435440063477,0.45671796798706055,0.3846062123775482,0.48376888036727905,0.3400822877883911,0.4666023850440979,0.33438727259635925,0.3962188959121704,0.35800445079803467,0.49031299352645874,0.35337013006210327,0.5095366835594177,0.30401039123535156,0.4962365925312042,0.2913791239261627,0.4140048623085022,0.32359471917152405,0.5060045719146729,0.32444190979003906,0.5392342805862427,0.2671562731266022,0.5350214838981628,0.2518117129802704,0.4618363380432129,0.28239405155181885,0.5124073028564453,0.29430335760116577,0.5422378778457642,a
0.36605432629585266,0.7071152329444885,0.42176225781440735,0.6240991950035095,0.4356521666049957,0.5072876214981079,0.4151800870895386,0.40738940238952637,0.4095785319805145,0.3419795334339142,0.37898319959640503,0.45138025283813477,0.3709191381931305,0.376953661441803,0.3850648105144501,0.4609176814556122,0.38395363092422485,0.4892583191394806,0.33926042914390564,0.4720223844051361,0.3339191973209381,0.39912915229797363,0.357749879360199,0.4923928380012512,0.35326653718948364,0.5142370462417603,0.30347156524658203,0.501420259475708,0.2915879786014557,0.4184505045413971,0.32372504472732544,0.5085124373435974,0.32431337237358093,0.5430228114128113,0.26710328459739685,0.5407811999320984,0.2512311637401581,0.46576884388923645,0.2817680239677429,0.5137223601341248,0.2936839759349823,0.544410228729248,a
0.3667561709880829,0.702879786491394,0.4222642779350281,0.6241068840026855,0.43670400977134705,0.5049943923950195,0.4159993827342987,0.4042820334434509,0.41086965799331665,0.33947381377220154,0.38194090127944946,0.44614389538764954,0.3728463351726532,0.3730590045452118,0.38682302832603455,0.45941078662872314,0.38546282052993774,0.484287291765213,0.3414883315563202,0.46951770782470703,0.33591774106025696,0.39924460649490356,0.35940656065940857,0.4938499629497528,0.3539840281009674,0.5115423798561096,0.30529657006263733,0.49961814284324646,0.29234978556632996,0.41733312606811523,0.3249570429325104,0.5096094012260437,0.32586669921875,0.5423062443733215,0.268076092004776,0.5371154546737671,0.2530592978000641,0.46524667739868164,0.2840625047683716,0.5156330466270447,0.29597440361976624,0.5449675917625427,a
0.3685174286365509,0.7006942629814148,0.4235922396183014,0.6204196214675903,0.4374792277812958,0.5027956366539001,0.4171818792819977,0.4027666449546814,0.41217607259750366,0.33798468112945557,0.3816264867782593,0.44636255502700806,0.3734932839870453,0.3712216317653656,0.38743117451667786,0.45659932494163513,0.38621941208839417,0.4853004217147827,0.34170448780059814,0.467503160238266,0.3361460864543915,0.39433106780052185,0.3595675230026245,0.4882969558238983,0.3550262749195099,0.5104630589485168,0.30580711364746094,0.4974164068698883,0.2931536138057709,0.41507771611213684,0.32552632689476013,0.5058862566947937,0.32666853070259094,0.5400545597076416,0.2690628170967102,0.5368553996086121,0.2544853389263153,0.46283024549484253,0.28517788648605347,0.5130865573883057,0.2968330383300781,0.5443916320800781,a
0.36860325932502747,0.6980254054069519,0.42427611351013184,0.6217788457870483,0.43896374106407166,0.5032113790512085,0.4181585907936096,0.4026173949241638,0.41244587302207947,0.337443470954895,0.38405877351760864,0.44422754645347595,0.3751932382583618,0.36950889229774475,0.388856440782547,0.4552760124206543,0.3876180350780487,0.4816395938396454,0.34315770864486694,0.4657258689403534,0.3380095958709717,0.3936651647090912,0.3611375391483307,0.48894810676574707,0.3560466170310974,0.5088881850242615,0.30676043033599854,0.4947737753391266,0.29474928975105286,0.4117860794067383,0.32715994119644165,0.5047387480735779,0.3280693590641022,0.5388742089271545,0.26985815167427063,0.5320150256156921,0.25502708554267883,0.45849481225013733,0.2858632802963257,0.5096780061721802,0.29792866110801697,0.5404365658760071,a
0.3691573441028595,0.7010474801063538,0.4251127243041992,0.6217303276062012,0.4398078918457031,0.5038172602653503,0.4192480146884918,0.40194427967071533,0.4136865437030792,0.3359227776527405,0.3841082751750946,0.44540640711784363,0.3763126730918884,0.36981019377708435,0.3898976445198059,0.45577386021614075,0.3882899880409241,0.4827936887741089,0.3435109257698059,0.465439110994339,0.3385589122772217,0.3921127915382385,0.36166098713874817,0.48743778467178345,0.35650449991226196,0.5077187418937683,0.3072353005409241,0.49418193101882935,0.2955949604511261,0.4099489450454712,0.32761964201927185,0.5026978850364685,0.3280750513076782,0.536666750907898,0.27015742659568787,0.5323323607444763,0.25542837381362915,0.45728445053100586,0.28610673546791077,0.5080532431602478,0.29778701066970825,0.5390204787254333,a
0.3686111271381378,0.6984402537345886,0.42567679286003113,0.6227841973304749,0.4402623474597931,0.5029650926589966,0.4191104471683502,0.4014537036418915,0.41331571340560913,0.33621665835380554,0.3850972354412079,0.44345059990882874,0.37595900893211365,0.36831578612327576,0.3899659216403961,0.45370209217071533,0.3893946707248688,0.482398122549057,0.34405210614204407,0.46487224102020264,0.3381896913051605,0.3905600309371948,0.36207395792007446,0.486242413520813,0.357704222202301,0.5093669891357422,0.30752047896385193,0.49376338720321655,0.29511162638664246,0.4091430604457855,0.32758423686027527,0.5021738409996033,0.32849621772766113,0.5382460355758667,0.2703876793384552,0.5309367775917053,0.25570619106292725,0.45573312044143677,0.2860274612903595,0.5077959895133972,0.2972034215927124,0.5398816466331482,a
0.3701498508453369,0.6991344690322876,0.4262111485004425,0.6210702657699585,0.4400694668292999,0.5016767382621765,0.41944029927253723,0.3998737931251526,0.4146193861961365,0.3345370292663574,0.38492199778556824,0.44192856550216675,0.37656810879707336,0.36741888523101807,0.3901461362838745,0.453485369682312,0.3888707458972931,0.4812570810317993,0.34393760561943054,0.4627678096294403,0.33887073397636414,0.3893246650695801,0.3620632290840149,0.48503896594047546,0.3573201298713684,0.5073281526565552,0.30767783522605896,0.4921063482761383,0.2954552173614502,0.40889260172843933,0.32786452770233154,0.5012338161468506,0.3284302353858948,0.5362798571586609,0.2707594931125641,0.5301744937896729,0.25639694929122925,0.45550471544265747,0.2870407700538635,0.5070367455482483,0.29805436730384827,0.5385733842849731,a
0.36841580271720886,0.6982614994049072,0.4255656599998474,0.6195279955863953,0.4401935338973999,0.5008898973464966,0.4197854995727539,0.39921995997428894,0.41395458579063416,0.33375683426856995,0.38471850752830505,0.44270288944244385,0.3771570026874542,0.36806270480155945,0.3900955021381378,0.45287930965423584,0.38850080966949463,0.48101916909217834,0.34369248151779175,0.46234098076820374,0.33904212713241577,0.3880166709423065,0.3619416058063507,0.4837656617164612,0.3572233021259308,0.5075408220291138,0.3072338402271271,0.49062395095825195,0.2956863343715668,0.40613576769828796,0.32759514451026917,0.4992821216583252,0.32790717482566833,0.5359821915626526,0.27029475569725037,0.5282720923423767,0.2557255029678345,0.45213767886161804,0.2859455347061157,0.5033658742904663,0.2968097925186157,0.5356160998344421,a
0.36735230684280396,0.6929435133934021,0.42382949590682983,0.6167482733726501,0.43949881196022034,0.4988722801208496,0.41950803995132446,0.39769402146339417,0.4138059914112091,0.33260148763656616,0.3847750425338745,0.43833911418914795,0.37666529417037964,0.3643420934677124,0.3898729085922241,0.44997307658195496,0.38825511932373047,0.47624340653419495,0.34405553340911865,0.45995011925697327,0.3390047252178192,0.3876284956932068,0.36197376251220703,0.4825517237186432,0.35683000087738037,0.502897322177887,0.3078891634941101,0.4888564646244049,0.295297771692276,0.40613487362861633,0.32735714316368103,0.4981839656829834,0.32796168327331543,0.5318084359169006,0.2707677483558655,0.5252721905708313,0.25641536712646484,0.45265209674835205,0.2864922881126404,0.5039611458778381,0.29715755581855774,0.5336043238639832,a
0.3677762746810913,0.6898406147956848,0.4236662685871124,0.6107192039489746,0.4385092854499817,0.49408280849456787,0.41842761635780334,0.3950178623199463,0.4140818417072296,0.3307790458202362,0.3825441598892212,0.43702811002731323,0.3749993145465851,0.36182641983032227,0.38865572214126587,0.44791385531425476,0.3870096504688263,0.4754559397697449,0.3424536883831024,0.4576399028301239,0.3379735052585602,0.38399603962898254,0.36102497577667236,0.47889265418052673,0.3559461236000061,0.500770628452301,0.3067696690559387,0.48695799708366394,0.2946372628211975,0.4035589098930359,0.3266829550266266,0.4956863224506378,0.3271401524543762,0.5304176807403564,0.27029484510421753,0.5249976515769958,0.2550760805606842,0.45043784379959106,0.2853113114833832,0.5009515881538391,0.29645493626594543,0.5322265028953552,a
